Row,UPC,Name,Wide,High,Deep,X,Y,Z,Height,Width,Depth,Full height,Full width,Full depth
1,3700035762,DOWNY April Fresh 60 load 51 oz,3,x   1,x    6,0.00 in,63.00 in,2.80 in,10.79 in,16.41 in,22.20 in,10.79 in,5.47 in,3.70 in
2,3700075488,Downy Cool Cotton 51 oz 60 load,2,x   1,x    6,16.41 in,63.00 in,2.74 in,10.78 in,10.94 in,22.26 in,10.78 in,5.47 in,3.71 in
3,3700039300,DOWNY LQ CB 8/51Z 60LD,2,x   1,x    6,27.35 in,63.00 in,2.74 in,10.78 in,10.94 in,22.26 in,10.78 in,5.47 in,3.71 in
4,3700039686,DOWNY LQSCP FREE&GNTL 8/51Z 60LD,2,x   1,x    6,38.29 in,63.00 in,2.74 in,10.78 in,10.94 in,22.26 in,10.78 in,5.47 in,3.71 in
5,3700058524,Downy Defy Damage Fresh,1,x   1,x    5,49.23 in,63.00 in,2.05 in,5.67 in,7.18 in,22.95 in,5.67 in,7.18 in,4.59 in
6,3700058532,Downy Defy Floral,1,x   1,x    5,56.41 in,63.00 in,2.05 in,5.67 in,7.18 in,22.95 in,5.67 in,7.18 in,4.59 in
7,3700074010,Downy LQ WrinkleGuard Fresh 71LD,1,x   1,x    5,63.59 in,63.00 in,3.05 in,11.10 in,7.44 in,21.95 in,11.10 in,7.44 in,4.39 in
8,3700080334,DOWNY LQ WRINKLE FRESH,1,x   1,x    5,71.03 in,63.00 in,2.50 in,10.88 in,6.00 in,22.50 in,10.88 in,6.00 in,4.50 in
9,3700052408,Downy Wrinkle Spray 9.7oz,2,x   1,x    10,77.03 in,63.00 in,1.40 in,9.30 in,4.72 in,23.60 in,9.30 in,2.36 in,2.36 in
10,3700090835,DOWNY WRINKLE SHEETS 50 CT,1,x   1,x    10,81.75 in,63.00 in,1.00 in,7.09 in,4.29 in,24.00 in,7.09 in,4.29 in,2.40 in
11,3700070014,DOWNY LQ WRINKLE floral  64 oz,1,x   1,x    5,86.04 in,63.00 in,2.50 in,10.88 in,6.00 in,22.50 in,10.88 in,6.00 in,4.50 in
12,3700099929,Gain LFE Original 60Ld,2,x   1,x    6,92.04 in,63.00 in,2.80 in,11.10 in,10.94 in,22.20 in,11.10 in,5.47 in,3.70 in
13,3700098440,Gain LFE Moonlight Breeze 60Ld,1,x   1,x    6,102.98 in,63.00 in,2.80 in,11.10 in,5.47 in,22.20 in,11.10 in,5.47 in,3.70 in
14,3700086324,Gain LFE Blissful Breeze 60Ld,1,x   1,x    6,108.45 in,63.00 in,2.80 in,11.10 in,5.47 in,22.20 in,11.10 in,5.47 in,3.70 in
15,3700077753,Gain LFE Island Fresh 60Ld,1,x   1,x    6,113.92 in,63.00 in,2.80 in,11.10 in,5.47 in,22.20 in,11.10 in,5.47 in,3.70 in
16,GainPink51,Gain Spring Daydream LFE,1,x   1,x    8,119.39 in,63.00 in,1.00 in,11.10 in,5.47 in,24.00 in,11.10 in,5.47 in,3.00 in
17,7261345195,SNUGGLE LQ EXHIL WHITE LAVENDER & SANDAL,2,x   1,x    9,124.86 in,63.00 in,0.70 in,10.05 in,10.00 in,24.30 in,10.05 in,5.00 in,2.70 in
18,7261346303,SNUGGLE PLUS SUPERFRESH 9 32 OZ 46303,2,x   1,x    10,134.86 in,63.00 in,0.00 in,9.75 in,10.00 in,25.00 in,9.75 in,5.00 in,2.50 in
19,3700073973,Downy LQ April Fresh 190LD,1,x   1,x    4,-0.25 in,49.00 in,0.60 in,11.08 in,9.20 in,24.40 in,11.08 in,9.20 in,6.10 in
20,3700067212,Downy AF 174 Ld,2,x   1,x    4,8.95 in,49.00 in,1.00 in,10.94 in,18.40 in,24.00 in,10.94 in,9.20 in,6.00 in
21,3700067307,DOWNY LQ CC 174,2,x   1,x    4,27.35 in,49.00 in,1.00 in,10.94 in,18.40 in,24.00 in,10.94 in,9.20 in,6.00 in
22,3700073996.,Downy LQ Clean Breeze 190LD,1,x   1,x    4,45.75 in,49.00 in,0.60 in,11.08 in,9.20 in,24.40 in,11.08 in,9.20 in,6.10 in
23,3700031826,DOWNY LQ FREE&GNTL 4/129Z 150LD,2,x   1,x    5,54.95 in,49.00 in,2.20 in,11.55 in,18.18 in,22.80 in,11.55 in,9.09 in,4.56 in
24,3700082851,Downy Infusions Calm 150LD,1,x   1,x    4,73.13 in,49.00 in,3.28 in,11.43 in,7.36 in,21.72 in,11.43 in,7.36 in,5.43 in
25,3700021074,DWY LFE INF LVDR  83LD CALM 56 oz Lavender & Vanilla Bean,1,x   1,x    6,80.49 in,49.00 in,2.56 in,11.16 in,6.30 in,22.44 in,11.16 in,6.30 in,3.74 in
26,3700098791,DOWNY CALM 48 LOAD 32 oz Lavender & Vanilla Bean,1,x   1,x    7,86.79 in,49.00 in,3.02 in,10.75 in,5.32 in,21.98 in,10.75 in,5.32 in,3.14 in
27,3700076336,DWY INF LAV SERENITY 14.8 oz,1,x   1,x    6,92.11 in,49.00 in,3.04 in,10.12 in,3.66 in,21.96 in,10.12 in,3.66 in,3.66 in
28,3700083561,DWY SHT INF LVNDR SRNTY 9/105CT,1,x   1,x    10,95.77 in,49.00 in,1.00 in,7.09 in,4.29 in,24.00 in,7.09 in,4.29 in,2.40 in
29,3700082860,Gain LFE Orignal 190LD,1,x   1,x    4,100.06 in,49.00 in,0.60 in,11.08 in,9.20 in,24.40 in,11.08 in,9.20 in,6.10 in
30,3700068206,GAIN LQ FABRIC SOFTENER ORIG FRSH 174LD,1,x   1,x    5,109.26 in,49.00 in,2.20 in,11.96 in,9.70 in,22.80 in,11.96 in,9.70 in,4.56 in
31,3700010750,GAIN LQ FABRIC SOFTENER ORIGINAL FRESH 1,1,x   1,x    5,118.96 in,49.00 in,2.20 in,11.55 in,9.09 in,22.80 in,11.55 in,9.09 in,4.56 in
32,7261345405,SNUGGLE LIQ EXHIL WHT LAV & SNDWD PRPL 9,1,x   1,x    5,128.05 in,49.00 in,3.00 in,10.32 in,8.00 in,22.00 in,10.32 in,8.00 in,4.40 in
33,7261346406,SNGGL SUPER FRESH SFTNR,1,x   1,x    5,136.05 in,49.00 in,3.70 in,11.00 in,8.20 in,21.30 in,11.00 in,8.20 in,4.26 in
34,3700010776,DOWNY LQ AF 4/129Z 150LD,4,x   1,x    5,0.00 in,35.50 in,2.20 in,11.55 in,37.42 in,22.80 in,11.55 in,9.35 in,4.56 in
35,3700075943,Downy Cool Cotton 150  load 129 oz,2,x   1,x    5,37.42 in,35.50 in,2.20 in,11.96 in,18.71 in,22.80 in,11.96 in,9.35 in,4.56 in
36,3700029516,DOWNY LQ FREE&GNTL 4/90Z 105LD,2,x   1,x    4,56.12 in,35.50 in,3.28 in,11.02 in,15.25 in,21.72 in,11.02 in,7.62 in,5.43 in
37,3700082667,Downy Infusions Bliss,1,x   1,x    4,71.24 in,35.50 in,3.28 in,11.43 in,7.36 in,21.72 in,11.43 in,7.36 in,5.43 in
38,3700025007,DOWNY BLISS 83 LOAD 56 OZ Sparkling Amber & Rose,1,x   1,x    6,78.73 in,35.50 in,2.56 in,11.16 in,6.56 in,22.44 in,11.16 in,6.56 in,3.74 in
39,3700012763,DOWNY BLISS 48 LOAD 32 oz,1,x   1,x    7,85.30 in,35.50 in,3.02 in,10.75 in,5.58 in,21.98 in,10.75 in,5.58 in,3.14 in
40,3700076334,DWY INF Amber Blossom 14.8 oz,1,x   1,x    6,90.88 in,35.50 in,3.22 in,10.12 in,3.89 in,21.78 in,10.12 in,3.89 in,3.63 in
41,3700095284,DOWNY 90 CT BLISS  SHEETS Sparkling Amber & Rose,1,x   1,x    11,94.77 in,35.50 in,1.57 in,7.09 in,4.55 in,23.43 in,7.09 in,4.55 in,2.13 in
42,3700068226,GAIN LQ FABRIC SOFTENER MB 174LD,1,x   1,x    5,99.33 in,35.50 in,2.20 in,11.96 in,9.96 in,22.80 in,11.96 in,9.96 in,4.56 in
43,3700098450,GAIN LFE MB 4/129Z 150LD,1,x   1,x    5,109.29 in,35.50 in,2.20 in,11.55 in,9.35 in,22.80 in,11.55 in,9.35 in,4.56 in
44,3077200315,Gain LFE Spring Daydream150Ld,1,x   1,x    5,118.51 in,35.50 in,2.15 in,11.97 in,9.09 in,22.85 in,11.97 in,9.09 in,4.57 in
45,7261345522,SNUGGLE LQ EXHIL BL IRIS & BAMB SLK BL 9,2,x   1,x    5,127.74 in,35.50 in,3.00 in,10.32 in,16.53 in,22.00 in,10.32 in,8.26 in,4.40 in
46,3700065163,Downy LQ Intense Spring Rush,2,x   1,x    6,0.00 in,21.50 in,0.52 in,11.39 in,13.58 in,24.48 in,11.39 in,6.79 in,4.08 in
47,3700029511,DOWNY LQ AF 4/90Z 105LD,3,x   1,x    5,13.58 in,21.50 in,0.00 in,10.88 in,21.54 in,25.00 in,10.88 in,7.18 in,5.00 in
48,3700075490,DOWNY LQ Cool Cotton 4/90Z 105LD,1,x   1,x    5,35.11 in,21.50 in,0.00 in,10.88 in,7.18 in,25.00 in,10.88 in,7.18 in,5.00 in
49,3700029512,DOWNY LQ CB 4/90Z 105LD,2,x   1,x    5,42.29 in,21.50 in,0.00 in,10.88 in,14.36 in,25.00 in,10.88 in,7.18 in,5.00 in
50,3700010778,DOWNY LQ CB 4/129Z 150LD,2,x   1,x    5,56.65 in,21.50 in,2.20 in,11.55 in,18.54 in,22.80 in,11.55 in,9.27 in,4.56 in
51,3700024155,DWY LFE INF 83LD REFRESH 56 oz,1,x   1,x    6,75.18 in,21.50 in,2.56 in,11.16 in,6.48 in,22.44 in,11.16 in,6.48 in,3.74 in
52,3700011762,DOWNY REFRESH 48 LOAD 32 oz,1,x   1,x    7,81.66 in,21.50 in,3.02 in,10.75 in,5.50 in,21.98 in,10.75 in,5.50 in,3.14 in
53,3700076335,DWY INF Botanical Mist 14.8 oz,1,x   1,x    6,87.16 in,21.50 in,3.04 in,10.12 in,3.84 in,21.96 in,10.12 in,3.84 in,3.66 in
54,3700091582,DOWNY SHT INF BOTANICAL MIST  9/105CT,1,x   1,x    10,91.00 in,21.50 in,1.00 in,7.09 in,4.47 in,24.00 in,7.09 in,4.47 in,2.40 in
55,3700072162,GAIN FE Island Fresh 174 LD,1,x   1,x    4,95.47 in,21.50 in,0.60 in,10.94 in,9.38 in,24.40 in,10.94 in,9.38 in,6.10 in
56,3700077754,GAIN LFE IF 4/129Z 150LD,1,x   1,x    5,104.85 in,21.50 in,2.20 in,11.96 in,9.27 in,22.80 in,11.96 in,9.27 in,4.56 in
57,3700086326,GAIN LFE BB 4/129Z 150LD,1,x   1,x    5,114.11 in,21.50 in,2.20 in,11.55 in,9.27 in,22.80 in,11.55 in,9.27 in,4.56 in
58,7261345719,SNGGL BLU SPRKL FAB SFTNR,1,x   1,x    4,123.38 in,21.50 in,3.08 in,10.48 in,7.68 in,21.92 in,10.48 in,7.68 in,5.48 in
59,7261345185,SNUGGLE BASE_LIQUID_BLUE SPARKLE_60 LOADS,2,x   1,x    8,131.06 in,21.50 in,0.12 in,10.43 in,13.12 in,24.88 in,10.43 in,6.56 in,3.11 in
60,3700035361,DOWNY LQ MS 4/129Z 150LD,1,x   1,x    6,0.00 in,7.00 in,0.64 in,11.55 in,9.16 in,27.36 in,11.55 in,9.16 in,4.56 in
61,3700029515,DOWNY LQ MS 4/90Z 105LD,2,x   1,x    5,9.16 in,7.00 in,3.00 in,10.87 in,14.17 in,25.00 in,10.87 in,7.08 in,5.00 in
62,3500039372,135 OZ SVTL LQ N-CON MRNG SN,2,x   1,x    5,23.33 in,7.00 in,1.05 in,12.50 in,15.45 in,26.95 in,12.50 in,7.72 in,5.39 in
63,3500039014,SUAVITEL LIQUID FABRIC SOFTENER MORNING,2,x   1,x    10,38.78 in,7.00 in,0.50 in,12.00 in,11.85 in,27.50 in,12.00 in,5.92 in,2.75 in
64,3500039371,SUAVITEL FABRIC SOFTENER FIELD FLOWERS 1,3,x   1,x    5,50.62 in,7.00 in,1.05 in,12.50 in,23.17 in,26.95 in,12.50 in,7.72 in,5.39 in
65,3500039013,SUAVITEL LIQUID FIELD FLOWER 50 OZ,2,x   1,x    10,73.79 in,7.00 in,0.50 in,12.00 in,11.85 in,27.50 in,12.00 in,5.92 in,2.75 in
66,3500039015,50 OZ SVTL LQ N-CON SL 003500039015,2,x   1,x    9,85.64 in,7.00 in,1.00 in,12.00 in,11.85 in,27.00 in,12.00 in,5.92 in,3.00 in
67,3500045022,SUAVITEL COMPLETE FF 120,2,x   1,x    5,97.49 in,7.00 in,0.75 in,12.30 in,16.15 in,27.25 in,12.30 in,8.07 in,5.45 in
68,3500039323,SUAV Complete FF 40,2,x   1,x    9,113.63 in,7.00 in,1.00 in,12.00 in,10.15 in,27.00 in,12.00 in,5.07 in,3.00 in
69,PL LFE 41oz,Private Label Fabric Softener,2,x   1,x    7,123.78 in,7.00 in,2.80 in,10.78 in,10.15 in,25.20 in,10.78 in,5.07 in,3.60 in
70,PL LFE 41oz,Private Label Fabric Softener,2,x   1,x    7,133.93 in,7.00 in,2.80 in,10.78 in,10.15 in,25.20 in,10.78 in,5.07 in,3.60 in
71,3700076360,DWY UNSTPBLS FRSH 20.1 oz,3,x   1,x    6,144.00 in,69.50 in,3.04 in,10.91 in,11.12 in,21.96 in,10.91 in,3.71 in,3.66 in
72,3700052470,Downy Beads Infusions Calm Lavender & Vanilla Bean,1,x   1,x    6,155.12 in,69.50 in,3.04 in,10.91 in,3.71 in,21.96 in,10.91 in,3.71 in,3.66 in
73,3700052466,Downy Beads Infusions Bliss Sparkling Amber & Rose,1,x   1,x    6,158.82 in,69.50 in,3.04 in,10.91 in,3.71 in,21.96 in,10.91 in,3.71 in,3.66 in
74,3700052467,Downy Beads Infusions Refresh Birch Water & Botanicals,1,x   1,x    6,162.53 in,69.50 in,3.04 in,10.91 in,3.71 in,21.96 in,10.91 in,3.71 in,3.66 in
75,3077200401,Downy Beads Light White Lavender,1,x   1,x    6,166.23 in,69.50 in,3.04 in,10.91 in,3.71 in,21.96 in,10.91 in,3.71 in,3.66 in
76,3077200446,Downy Beads Ocean Mist,1,x   1,x    6,169.94 in,69.50 in,3.04 in,10.91 in,3.71 in,21.96 in,10.91 in,3.71 in,3.66 in
77,3077200451,Downy Beads Light Woodland Rain,1,x   1,x    6,173.64 in,69.50 in,3.04 in,10.91 in,3.71 in,21.96 in,10.91 in,3.71 in,3.66 in
78,3077200406,Downy Beads Light Shea Blossom,1,x   1,x    6,177.35 in,69.50 in,3.04 in,10.91 in,3.71 in,21.96 in,10.91 in,3.71 in,3.66 in
79,3700076362,GAIN FE FIREWORKS ORIG 20.1,3,x   1,x    6,181.05 in,69.50 in,3.10 in,10.89 in,11.00 in,21.90 in,10.89 in,3.67 in,3.65 in
80,3700061330,Downy Beads Unstopables Fresh,1,x   1,x    5,144.00 in,57.00 in,2.35 in,11.25 in,4.98 in,22.65 in,11.25 in,4.98 in,4.53 in
81,3700068674,Downy Beads Unstopables Lush,1,x   1,x    5,148.98 in,57.00 in,2.35 in,11.25 in,4.98 in,22.65 in,11.25 in,4.98 in,4.53 in
82,3700061338,Downy Beads Unstopables Tide,1,x   1,x    5,153.96 in,57.00 in,2.35 in,11.25 in,4.98 in,22.65 in,11.25 in,4.98 in,4.53 in
83,3700061423,Downy Beads Infusions Calm Lavender & Vanilla Bean,1,x   1,x    5,158.94 in,57.00 in,2.35 in,11.25 in,4.98 in,22.65 in,11.25 in,4.98 in,4.53 in
84,3700061398,Downy Beads Infusions Bliss Sparkling Amber & Rose,1,x   1,x    5,163.92 in,57.00 in,2.35 in,11.25 in,4.98 in,22.65 in,11.25 in,4.98 in,4.53 in
85,3077200402,Downy Beads Light Lav,2,x   1,x    5,168.68 in,57.00 in,2.35 in,11.25 in,9.06 in,22.65 in,11.25 in,4.53 in,4.53 in
86,3077200447,Downy Beads Light Ocean Mist,1,x   1,x    5,177.74 in,57.00 in,2.35 in,11.25 in,4.53 in,22.65 in,11.25 in,4.53 in,4.53 in
87,3700060523,Gain Fireworks Original,1,x   1,x    5,182.49 in,57.00 in,2.35 in,11.25 in,4.98 in,22.65 in,11.25 in,4.98 in,4.53 in
88,3700061337,Gain Fireworks Moonlight Breeze,1,x   1,x    5,187.47 in,57.00 in,2.35 in,11.25 in,4.98 in,22.65 in,11.25 in,4.98 in,4.53 in
89,3700076337,DWY UNSTPBLS FRSH 14.8,3,x   1,x    6,144.00 in,44.50 in,3.04 in,10.12 in,11.37 in,21.96 in,10.12 in,3.79 in,3.66 in
90,3700077541,DWY UNSTPBLS LUSH 20.1 OZ,3,x   1,x    6,155.37 in,44.50 in,3.04 in,10.91 in,11.37 in,21.96 in,10.91 in,3.79 in,3.66 in
91,3077200455,Downy Beads White Lavender,1,x   1,x    6,166.68 in,44.50 in,3.04 in,10.12 in,3.66 in,21.96 in,10.12 in,3.66 in,3.66 in
92,3077200445,Downy Beads Light Ocean Mist,1,x   1,x    6,170.34 in,44.50 in,3.04 in,10.12 in,3.66 in,21.96 in,10.12 in,3.66 in,3.66 in
93,3077200450,Downy Beads Light Woodland Rain,1,x   1,x    6,174.00 in,44.50 in,3.04 in,10.12 in,3.66 in,21.96 in,10.12 in,3.66 in,3.66 in
94,3077200405,Downy Beads Light Shea Blossom,1,x   1,x    6,177.66 in,44.50 in,3.04 in,10.12 in,3.66 in,21.96 in,10.12 in,3.66 in,3.66 in
95,3700076343,GAIN FE FIREWORKS ORIG 14.8,2,x   1,x    6,181.39 in,44.50 in,3.04 in,10.12 in,7.58 in,21.96 in,10.12 in,3.79 in,3.66 in
96,3700079716,GAIN FE FIREWORKS Orig 7.2 oz,1,x   1,x    8,188.97 in,44.50 in,0.76 in,8.03 in,3.16 in,24.24 in,8.03 in,3.16 in,3.03 in
97,3700078989,Downy Beads Unstopables Fresh,2,x   1,x    8,144.00 in,32.00 in,0.76 in,9.37 in,6.25 in,24.24 in,9.37 in,3.13 in,3.03 in
98,3700076338,DOWNY UNSTPBLS LUSH 14.8,2,x   1,x    6,150.25 in,32.00 in,3.22 in,10.12 in,7.45 in,21.78 in,10.12 in,3.73 in,3.63 in
99,3700081874,Downy Beads Odor Defense Active Fresh,1,x   1,x    6,157.66 in,32.00 in,3.04 in,10.12 in,3.66 in,21.96 in,10.12 in,3.66 in,3.66 in
100,3700081886,Downy Beads Odor Defense April Fresh,1,x   1,x    6,161.32 in,32.00 in,3.04 in,10.12 in,3.66 in,21.96 in,10.12 in,3.66 in,3.66 in
101,3700061396,Downy Beads Odor Defense April Fresh,1,x   1,x    5,164.98 in,32.00 in,2.35 in,11.25 in,4.53 in,22.65 in,11.25 in,4.53 in,4.53 in
102,3700076359,DOWNY FRSHPRCT APRIL FRESH  20.1,2,x   1,x    6,169.56 in,32.00 in,3.04 in,10.91 in,7.51 in,21.96 in,10.91 in,3.76 in,3.66 in
103,3700076332,DOWNY FRSHPRCT APRIL FRESH  14.8 oz,1,x   1,x    6,177.07 in,32.00 in,3.04 in,10.12 in,3.76 in,21.96 in,10.12 in,3.76 in,3.66 in
104,3700098733,Gain Fireworks Moonlight Breeze,1,x   1,x    6,180.83 in,32.00 in,3.04 in,10.91 in,3.76 in,21.96 in,10.91 in,3.76 in,3.66 in
105,3700076342,GAIN FE FIREWORKS MB 14.8,2,x   1,x    6,184.58 in,32.00 in,3.04 in,10.12 in,7.51 in,21.96 in,10.12 in,3.76 in,3.66 in
106,3700075448,Downy Unstop Tide Fresh Scent 20.1 oz,1,x   1,x    6,144.00 in,19.50 in,3.22 in,10.91 in,3.70 in,21.78 in,10.91 in,3.70 in,3.63 in
107,3700075447,Downy Unstop Tide Fresh Scent 14.8 oz,2,x   1,x    6,147.70 in,19.50 in,3.22 in,10.12 in,7.40 in,21.78 in,10.12 in,3.70 in,3.63 in
108,3700095172,Downy Beads Unstopables Old Spice,1,x   1,x    6,155.11 in,19.50 in,3.04 in,10.12 in,3.73 in,21.96 in,10.12 in,3.73 in,3.66 in
109,3700076340,Downy Beads Unstopables Spring,1,x   1,x    6,158.84 in,19.50 in,3.04 in,10.12 in,3.73 in,21.96 in,10.12 in,3.73 in,3.66 in
110,3700076339,DWY UNSTPBLS SHMR 14.8 oz,1,x   1,x    6,162.57 in,19.50 in,3.22 in,10.12 in,3.70 in,21.78 in,10.12 in,3.70 in,3.63 in
111,3700089040,Downy Cool Cotton Bead 20.1 oz,1,x   1,x    6,166.27 in,19.50 in,3.04 in,10.91 in,3.73 in,21.96 in,10.91 in,3.73 in,3.66 in
112,3700087921,Downy Cool Cotton 14.8 oz,2,x   1,x    6,170.00 in,19.50 in,3.22 in,9.75 in,7.40 in,21.78 in,9.75 in,3.70 in,3.63 in
113,3700076341,DREFT BLISSFULS REGULAR 14.8 OZ,1,x   1,x    6,177.41 in,19.50 in,3.28 in,9.75 in,3.69 in,21.72 in,9.75 in,3.69 in,3.62 in
114,GainFwkSD14-8,Gain Fwk Spring Daydream,1,x   1,x    5,181.10 in,19.50 in,2.85 in,9.75 in,3.57 in,22.15 in,9.75 in,3.57 in,4.43 in
115,3700077627,GAIN IF beads 14.8,1,x   1,x    6,184.67 in,19.50 in,3.22 in,9.75 in,3.70 in,21.78 in,9.75 in,3.70 in,3.63 in
116,3700086254,GAIN FE FIREWORKS BLISSFUL BREEZE  14.8,1,x   1,x    6,188.37 in,19.50 in,3.22 in,9.75 in,3.70 in,21.78 in,9.75 in,3.70 in,3.63 in
117,7261316195,Snuggle Supercare Lilies & Linen Scent Booster - 19oz,1,x   1,x    8,144.00 in,7.00 in,1.28 in,10.56 in,3.34 in,26.72 in,10.56 in,3.34 in,3.34 in
118,7261373872,SNUGGLE SCENT SHAKES SPR FR ORIG 9OZ,1,x   1,x    10,147.34 in,7.00 in,0.30 in,7.63 in,2.77 in,27.70 in,7.63 in,2.77 in,2.77 in
119,7261373875,SNUGGLE SCENT SHAKES SPR FR SPR BURST 9O,1,x   1,x    10,150.11 in,7.00 in,0.30 in,7.63 in,2.77 in,27.70 in,7.63 in,2.77 in,2.77 in
120,2420003828,PUREX CRYSTALS FRESH SPRING WATERS 21OZ,1,x   1,x    10,153.01 in,7.00 in,0.50 in,10.51 in,3.81 in,27.50 in,10.51 in,3.81 in,2.75 in
121,2420003825,Purex Crystals Fresh Spring Waters,1,x   1,x    10,156.82 in,7.00 in,0.80 in,9.13 in,3.41 in,27.20 in,9.13 in,3.41 in,2.72 in
122,2420003834,PUREX CRYSTALS LAVENDER BLOSSOM 21OZ,1,x   1,x    10,160.23 in,7.00 in,0.50 in,10.51 in,3.81 in,27.50 in,10.51 in,3.81 in,2.75 in
123,2420003831,Purex Crystals Lavender Blossom,1,x   1,x    10,164.04 in,7.00 in,0.80 in,9.13 in,3.41 in,27.20 in,9.13 in,3.41 in,2.72 in
124,2420003816,Purex Crystals Fabulously Fresh,1,x   1,x    10,167.45 in,7.00 in,0.80 in,9.13 in,3.41 in,27.20 in,9.13 in,3.41 in,2.72 in
125,3320000417,Arm & Hammer In Wash Fresh Burst,1,x   1,x    10,170.86 in,7.00 in,1.60 in,10.43 in,3.84 in,26.40 in,10.43 in,3.84 in,2.64 in
126,3320000416,A&H IN WASH FRESHNESS ODOR BLASTER 18OZ,1,x   1,x    12,174.57 in,7.00 in,1.12 in,9.14 in,3.25 in,26.88 in,9.14 in,3.25 in,2.24 in
127,3320097235,Arm & Hammer Scent Booster Purifying Water,2,x   1,x    10,177.95 in,7.00 in,2.00 in,10.16 in,7.68 in,26.00 in,10.16 in,3.84 in,2.60 in
128,3320000144,A&H INWASH BOOSTER PURIFYING WATERS 18OZ,1,x   1,x    12,185.50 in,7.00 in,1.12 in,9.14 in,3.25 in,26.88 in,9.14 in,3.25 in,2.24 in
129,3320000145,A&H INWASH BOOSTER TROP PARADISE 18OZ,1,x   1,x    12,188.75 in,7.00 in,1.12 in,9.14 in,3.25 in,26.88 in,9.14 in,3.25 in,2.24 in
130,7261346309,SNUGGLE PLUS SUPERFRESH 9  70CT  46309,2,x   1,x    12,192.00 in,69.50 in,1.00 in,7.40 in,10.02 in,24.00 in,7.40 in,5.01 in,2.00 in
131,7261345120,SNUGGLE SHEETS EXHIL LAVENDER&SANDALWOOD,2,x   1,x    10,202.02 in,69.50 in,2.20 in,7.40 in,10.02 in,22.80 in,7.40 in,5.01 in,2.28 in
132,7261345502,SNUGGLE_SHEETS_BASE_BLUE IRIS & OCEAN BREEZE_70 LOAD 70 COUNT,2,x   1,x    10,211.55 in,69.50 in,2.20 in,7.40 in,8.08 in,22.80 in,7.40 in,4.04 in,2.28 in
133,7261345119,SNUGGLE BLUE SPARKLE SHEETS 230 CT  4511,2,x   1,x    5,220.11 in,69.50 in,3.10 in,7.29 in,10.52 in,21.90 in,7.29 in,5.26 in,4.38 in
134,7261345115,SNUGGLE_SHEETS_BASE_BLUE SPARKLE_120 LOAD 120 COUNT,2,x   1,x    13,230.63 in,69.50 in,0.69 in,7.12 in,10.34 in,24.31 in,7.12 in,5.17 in,1.87 in
135,3700057070,Bounce Sheets Pet Hair & Lint Guard Fresh Scent,2,x   2,x    7,192.00 in,58.00 in,0.78 in,8.50 in,14.66 in,24.22 in,4.25 in,7.33 in,3.46 in
136,3700057574,Bounce Sheets Pet Hair & Lint Guard Unscented,1,x   2,x    7,206.66 in,58.00 in,0.78 in,8.50 in,7.33 in,24.22 in,4.25 in,7.33 in,3.46 in
137,3700090715,Bounce wrinkle guard 60 count unscented,1,x   2,x    12,213.99 in,58.00 in,1.00 in,8.58 in,7.27 in,24.00 in,4.29 in,7.27 in,2.00 in
138,3700090712,BOUNCE WRINKLE GUARD SHEET OUTDOOR FRESH 60 CT,2,x   2,x    12,221.26 in,58.00 in,1.00 in,8.58 in,14.54 in,24.00 in,4.29 in,7.27 in,2.00 in
139,3700038469,Bounce Wrinkle Spray,2,x   1,x    7,235.80 in,58.00 in,0.50 in,9.30 in,4.40 in,24.50 in,9.30 in,2.20 in,3.50 in
140,3700092510,GAIN ORG 240,2,x   2,x    5,192.00 in,47.00 in,0.60 in,8.58 in,16.36 in,24.40 in,4.29 in,8.18 in,4.88 in
141,3700024684,BOUNCE SHT FREE&GENTLE 6/240USE,1,x   2,x    5,208.36 in,47.00 in,0.60 in,8.58 in,8.18 in,24.40 in,4.29 in,8.18 in,4.88 in
142,3700080252,BOUNCE SHT FREE&GENTLE 6/120 CT,1,x   2,x    10,216.55 in,47.00 in,0.80 in,8.58 in,8.18 in,24.20 in,4.29 in,8.18 in,2.42 in
143,3700007312,BOUNCE SHT ODF 6/240 CT,1,x   2,x    5,224.73 in,47.00 in,0.50 in,8.58 in,8.18 in,24.50 in,4.29 in,8.18 in,4.90 in
144,3700080168,BOUNCE SHT ODF 6/160 CT,1,x   2,x    7,232.91 in,47.00 in,0.78 in,8.58 in,8.18 in,24.22 in,4.29 in,8.18 in,3.46 in
145,3700097835,Gain Sheets Original Scent,2,x   2,x    8,192.00 in,37.00 in,2.68 in,8.58 in,16.37 in,22.32 in,4.29 in,8.19 in,2.79 in
146,3700099987,Bounce Fresh Linen 240 ct,1,x   2,x    5,208.37 in,37.00 in,0.60 in,8.58 in,8.19 in,24.40 in,4.29 in,8.19 in,4.88 in
147,3700005275,BOUNCE SHT FL 6/160 CT,1,x   2,x    7,216.56 in,37.00 in,0.71 in,8.58 in,8.17 in,24.29 in,4.29 in,8.17 in,3.47 in
148,3700080071,BOUNCE SHT ODF  6/120USE,2,x   2,x    10,224.72 in,37.00 in,0.80 in,8.58 in,16.37 in,24.20 in,4.29 in,8.19 in,2.42 in
149,3700098360,GAIN SHT MB 6/120 CT,2,x   2,x    10,192.00 in,27.00 in,0.80 in,8.58 in,16.38 in,24.20 in,4.29 in,8.19 in,2.42 in
150,3700080253,BOUNCE SHT FL 6/120USE,1,x   2,x    10,208.38 in,27.00 in,0.80 in,8.58 in,8.19 in,24.20 in,4.29 in,8.19 in,2.42 in
151,3700080069,BOUNCE SHT FL 9/80 CT,1,x   2,x    12,216.57 in,27.00 in,1.00 in,8.58 in,8.17 in,24.00 in,4.29 in,8.17 in,2.00 in
152,3700074372,BOUNCE SHT MEN PURE SPRT 200 ct,1,x   2,x    6,224.74 in,27.00 in,2.32 in,8.58 in,8.19 in,22.68 in,4.29 in,8.19 in,3.78 in
153,3700089332,BOUNCE SHT MEN PURE SPRT  9/105CT,1,x   2,x    10,232.93 in,27.00 in,1.80 in,8.58 in,8.17 in,23.20 in,4.29 in,8.17 in,2.32 in
154,3700086301,GAIN SHT BLISSFUL BREEZE  120 CT,2,x   2,x    10,192.00 in,17.00 in,0.80 in,8.58 in,16.36 in,24.20 in,4.29 in,8.18 in,2.42 in
155,3700082386,DOWNY SHT AF 9/105CT,2,x   2,x    10,208.36 in,17.00 in,1.00 in,8.58 in,16.36 in,24.00 in,4.29 in,8.18 in,2.40 in
156,3700088998,Downy Cool Cotton Sheet 105 ct,2,x   2,x    6,224.73 in,17.00 in,2.38 in,8.58 in,16.36 in,22.62 in,4.29 in,8.18 in,3.77 in
157,3320014070,Arm & Hammer Clean Scentsations Purifying Waters,2,x   1,x    12,192.00 in,7.00 in,0.40 in,7.09 in,9.72 in,27.60 in,7.09 in,4.86 in,2.30 in
158,3500046416,SUAVITEL SHEETS Complete Yellow,1,x   1,x    11,201.72 in,7.00 in,1.60 in,7.09 in,4.86 in,26.40 in,7.09 in,4.86 in,2.40 in
159,3500039167,SUAVITEL SHEETS FIELD FLOWERS 80 CT,1,x   1,x    11,206.57 in,7.00 in,1.60 in,7.09 in,4.85 in,26.40 in,7.09 in,4.85 in,2.40 in
160,3500046415,SUAVITEL SHEETS Complete Field Flowers Blue,1,x   1,x    11,211.42 in,7.00 in,1.60 in,7.09 in,4.86 in,26.40 in,7.09 in,4.86 in,2.40 in
161,PLSheets80,PL SHEET 80,5,x   1,x    18,216.28 in,7.00 in,0.10 in,7.09 in,24.29 in,27.90 in,7.09 in,4.86 in,1.55 in
